U.S. Energy Information Administration,,,,,,,,,,,,
August 2026 Monthly Energy Review,,,,,,,,,,,,
,,,,,,,,,,,,
Note: Information about data precision.,,,,,,,,,,,,
,,,,,,,,,,,,
"Release Date: August 26, 2026",,,,,,,,,,,,
"Next Update: September 24, 2026",,,,,,,,,,,,
,,,,,,,,,,,,
Table 1.3 Primary Energy Consumption by Source,,,,,,,,,,,,
,,,,,,,,,,,,
Month,Coal Consumption,Natural Gas Consumption (Excluding Supplemental Gaseous Fuels),Petroleum Consumption (Excluding Biofuels),Total Fossil Fuels Consumption,Nuclear Electric Power Consumption,Hydroelectric Power Consumption,Geothermal Energy Consumption,Solar Energy Consumption,Wind Energy Consumption,Biomass Energy Consumption,Total Renewable Energy Consumption,Total Primary Energy Consumption
,(Quadrillion Btu),(Quadrillion Btu),(Quadrillion Btu),(Quadrillion Btu),(Quadrillion Btu),(Quadrillion Btu),(Quadrillion Btu),(Quadrillion Btu),(Quadrillion Btu),(Quadrillion Btu),(Quadrillion Btu),(Quadrillion Btu)
1973 January,1.166191,2.397308,3.185268,6.747651,0.068103,0.089562,0.00049,Not Available,Not Available,0.129787,0.219839,7.039731
1973 February,1.050588,2.170646,2.941986,6.163095,0.064634,0.079544,0.000448,Not Available,Not Available,0.117338,0.19733,6.428796
1973 March,1.046856,2.057315,2.942485,6.044647,0.072494,0.088284,0.000464,Not Available,Not Available,0.129938,0.218686,6.339964
1973 April,0.998979,1.873535,2.621315,5.493184,0.06407,0.083152,0.000542,Not Available,Not Available,0.125636,0.20933,5.770589
1973 May,1.014502,1.765309,2.836567,5.613551,0.062111,0.085643,0.000505,Not Available,Not Available,0.129834,0.215982,5.895781
1973 June,1.050077,1.566214,2.731435,5.347479,0.073968,0.08206,0.000579,Not Available,Not Available,0.125611,0.208249,5.6337
1973 July,1.110438,1.590718,2.80454,5.504556,0.07589,0.0774,0.000614,Not Available,Not Available,0.129787,0.2078,5.792383
1973 August,1.135679,1.615222,2.999441,5.748879,0.084883,0.072936,0.000579,Not Available,Not Available,0.129918,0.203432,6.041332
1973 September,1.057732,1.559067,2.761173,5.376782,0.085724,0.059029,0.00049,Not Available,Not Available,0.125782,0.1853,5.651809
1973 October,1.083177,1.743868,2.936519,5.7653,0.081971,0.062967,0.000578,Not Available,Not Available,0.12997,0.193514,6.044923
1973 November,1.08859,1.945005,3.053629,6.08844,0.088773,0.069063,0.00062,Not Available,Not Available,0.125643,0.195326,6.376542
1973 December,1.16868,2.227822,2.991666,6.388515,0.087557,0.090131,0.0008,Not Available,Not Available,0.129824,0.220755,6.700965
1974 January,1.145845,2.28352,2.944909,6.378043,0.084855,0.0995,0.000704,Not Available,Not Available,0.130807,0.23101,6.697586
1974 February,1.036439,2.103296,2.677772,5.820458,0.090577,0.091476,0.000621,Not Available,Not Available,0.118091,0.210188,6.124546
1974 March,1.050801,2.051072,2.740105,5.845649,0.097966,0.09495,0.000707,Not Available,Not Available,0.130727,0.226384,6.173677
1974 April,0.994963,1.731584,2.624656,5.355618,0.079566,0.095969,0.000666,Not Available,Not Available,0.126583,0.223218,5.661961
1974 May,1.029181,1.646592,2.678975,5.359907,0.073242,0.096337,0.000667,Not Available,Not Available,0.130789,0.227793,5.66462
1974 June,1.014433,1.473536,2.65905,5.150392,0.079015,0.091719,0.000645,Not Available,Not Available,0.126611,0.218976,5.451943
1974 July,1.110438,1.550336,2.793658,5.458003,0.113953,0.090437,0.000716,Not Available,Not Available,0.130756,0.221909,5.797544
1974 August,1.112559,1.54624,2.825426,5.488069,0.137654,0.082727,0.000707,Not Available,Not Available,0.130763,0.214197,5.843598
1974 September,1.005508,1.573888,2.64493,5.230848,0.12288,0.07361,0.000653,Not Available,Not Available,0.126637,0.2009,5.558188
1974 October,1.051737,1.746944,2.905632,5.713389,0.121248,0.068931,0.000663,Not Available,Not Available,0.130718,0.200312,6.038628
1974 November,1.022021,1.870848,2.859805,5.757535,0.122819,0.072773,0.000789,Not Available,Not Available,0.126506,0.200068,6.083982
1974 December,1.088954,2.154496,3.065694,6.314029,0.148309,0.079542,0.00083,Not Available,Not Available,0.130674,0.211046,6.677062
1975 January,1.131658,2.295208,3.072693,6.508066,0.153503,0.086356,0.000694,Not Available,Not Available,0.127269,0.214319,6.87768
1975 February,1.038817,1.979719,2.632196,5.658866,0.140232,0.082404,0.000662,Not Available,Not Available,0.114942,0.198008,5.998725
1975 March,1.072008,1.942963,2.776781,5.794307,0.163893,0.096386,0.000747,Not Available,Not Available,0.127251,0.224384,6.184376
1975 April,0.996432,1.608075,2.639706,5.244039,0.146773,0.091791,0.000748,Not Available,Not Available,0.123139,0.215679,5.608225
1975 May,0.976643,1.358951,2.578863,4.917011,0.15158,0.095581,0.000812,Not Available,Not Available,0.127303,0.223695,5.294079
1975 June,1.021948,1.283397,2.57824,4.881923,0.140348,0.09355,0.001007,Not Available,Not Available,0.123241,0.217798,5.241803
1975 July,1.081702,1.340573,2.678403,5.099561,0.169294,0.0879,0.001013,Not Available,Not Available,0.127288,0.216202,5.486849
1975 August,1.116476,1.397749,2.687048,5.199413,0.174883,0.077892,0.001099,Not Available,Not Available,0.127321,0.206312,5.5824
1975 September,1.00335,1.39877,2.596741,4.996158,0.158543,0.070756,0.000969,Not Available,Not Available,0.12321,0.194934,5.35137
1975 October,1.020889,1.576424,2.781396,5.377048,0.161078,0.07806,0.001117,Not Available,Not Available,0.127312,0.206489,5.746407
1975 November,1.044129,1.67444,2.590402,5.309492,0.155988,0.084171,0.001085,Not Available,Not Available,0.12318,0.208436,5.675651
1975 December,1.158734,2.092029,3.086312,6.337521,0.183682,0.08951,0.001124,Not Available,Not Available,0.127277,0.217911,6.740907
1976 January,1.201363,2.33682,3.17305,6.710216,0.177844,0.089904,0.001119,Not Available,Not Available,0.145049,0.236073,7.126622
1976 February,1.063557,1.97676,2.797522,5.836128,0.158824,0.084626,0.001053,Not Available,Not Available,0.135695,0.221374,6.218654
1976 March,1.103547,1.75542,2.950439,5.807521,0.15458,0.091629,0.001127,Not Available,Not Available,0.145051,0.237807,6.202396
1976 April,1.054029,1.53816,2.744806,5.334664,0.121316,0.083378,0.001015,Not Available,Not Available,0.140363,0.224756,5.683145
1976 May,1.060057,1.46268,2.723288,5.243322,0.131784,0.088065,0.00097,Not Available,Not Available,0.145047,0.234082,5.611677
1976 June,1.09882,1.3617,2.777649,5.236508,0.174072,0.088182,0.001008,Not Available,Not Available,0.140405,0.229595,5.642583
1976 July,1.171113,1.39944,2.834785,5.40514,0.195628,0.089807,0.001089,Not Available,Not Available,0.145088,0.235984,5.83924
1976 August,1.17987,1.34334,2.842559,5.367256,0.202851,0.082153,0.001072,Not Available,Not Available,0.14511,0.228336,5.800932
1976 September,1.081958,1.32804,2.778502,5.18912,0.191006,0.070186,0.001044,Not Available,Not Available,0.140436,0.211665,5.594199
1976 October,1.119412,1.65342,2.902739,5.681201,0.191723,0.07269,0.001014,Not Available,Not Available,0.145114,0.218818,6.09423
1976 November,1.176231,1.9125,3.107876,6.197897,0.178235,0.068463,0.000854,Not Available,Not Available,0.140651,0.209968,6.588508
1976 December,1.27411,2.27664,3.50877,7.0619,0.233256,0.0699,0.000975,Not Available,Not Available,0.145364,0.216239,7.513884
1977 January,1.266433,2.457547,3.507984,7.230327,0.238556,0.07163,0.001057,Not Available,Not Available,0.15622,0.228907,7.702837
1977 February,1.121735,1.854136,3.158978,6.134899,0.211078,0.052424,0.000923,Not Available,Not Available,0.141176,0.194523,6.545058
1977 March,1.12922,1.751015,3.098805,5.97723,0.222619,0.068518,0.001046,Not Available,Not Available,0.156217,0.225781,6.430677
1977 April,1.041243,1.469219,2.900699,5.409177,0.213943,0.064508,0.000933,Not Available,Not Available,0.151161,0.216602,5.844606
1977 May,1.103387,1.407959,2.901985,5.413653,0.221834,0.064629,0.001007,Not Available,Not Available,0.156186,0.221823,5.862356
1977 June,1.1621,1.360993,2.989659,5.512801,0.23172,0.059609,0.000991,Not Available,Not Available,0.151153,0.211752,5.961157
1977 July,1.257119,1.352825,3.007273,5.618804,0.235032,0.05813,0.001048,Not Available,Not Available,0.15592,0.215097,6.073979
1977 August,1.231003,1.392644,3.09014,5.714704,0.244991,0.05783,0.00096,Not Available,Not Available,0.156081,0.214871,6.179614
1977 September,1.135635,1.456967,2.936273,5.535869,0.211395,0.056835,0.001028,Not Available,Not Available,0.15111,0.208974,5.961122
1977 October,1.127504,1.549878,3.039576,5.72095,0.205053,0.05948,0.001075,Not Available,Not Available,0.156172,0.216727,6.147777
1977 November,1.139472,1.72549,3.03494,5.900695,0.209548,0.070583,0.00108,Not Available,Not Available,0.151,0.222663,6.33779
1977 December,1.207253,2.152268,3.41633,6.781158,0.255994,0.078744,0.001075,Not Available,Not Available,0.155935,0.235754,7.277954
1978 January,1.195802,2.427258,3.369733,6.994146,0.282638,0.086454,0.001095,Not Available,Not Available,0.173128,0.260677,7.543179
1978 February,1.00151,2.179641,3.234538,6.416481,0.238869,0.076606,0.00094,Not Available,Not Available,0.156387,0.233933,6.894447
1978 March,0.953062,1.954442,3.368195,6.280715,0.245611,0.084951,0.000777,Not Available,Not Available,0.173136,0.258863,6.790907
1978 April,1.019025,1.568241,2.938869,5.537677,0.192342,0.087281,0.000655,Not Available,Not Available,0.167349,0.255285,5.990837
1978 May,1.088001,1.40622,3.114781,5.63302,0.223373,0.099185,0.000583,Not Available,Not Available,0.172923,0.272691,6.134802
1978 June,1.162388,1.272731,3.025056,5.469015,0.242728,0.086645,0.000718,Not Available,Not Available,0.16734,0.254703,5.971979
1978 July,1.237363,1.358327,3.019691,5.629409,0.273603,0.084339,0.000804,Not Available,Not Available,0.172912,0.258056,6.166785
1978 August,1.278218,1.309415,3.201369,5.801865,0.280082,0.076518,0.000945,Not Available,Not Available,0.173189,0.250652,6.338316
1978 September,1.211465,1.258465,2.965814,5.446963,0.242769,0.073042,0.000998,Not Available,Not Available,0.167455,0.241494,5.93676
1978 October,1.166964,1.46736,3.139837,5.788479,0.251605,0.067184,0.000742,Not Available,Not Available,0.173169,0.241095,6.286896
1978 November,1.170315,1.689502,3.1566,6.02842,0.272438,0.068818,0.000839,Not Available,Not Available,0.167557,0.237214,6.543604
1978 December,1.281463,2.108311,3.384635,6.783142,0.278067,0.076162,0.001063,Not Available,Not Available,0.17306,0.250285,7.317212
1979 January,1.352487,2.476946,3.502897,7.336166,0.302351,0.086378,0.001021,Not Available,Not Available,0.1826,0.27,7.914409
1979 February,1.203643,2.250284,3.275613,6.732512,0.281883,0.073446,0.000836,Not Available,Not Available,0.165096,0.239377,7.259095
1979 March,1.2125,1.920501,3.287034,6.42199,0.264739,0.089483,0.001121,Not Available,Not Available,0.182881,0.273485,6.966106
1979 April,1.140389,1.627474,2.862597,5.635417,0.200369,0.087645,0.001037,Not Available,Not Available,0.176844,0.265526,6.107015
1979 May,1.19397,1.459009,3.024277,5.688216,0.163455,0.099903,0.001043,Not Available,Not Available,0.182782,0.283727,6.141291
1979 June,1.238154,1.336489,2.937072,5.520908,0.174776,0.08623,0.001056,Not Available,Not Available,0.176833,0.264118,5.965505
1979 July,1.334783,1.35793,2.919158,5.619578,0.226552,0.078573,0.00112,Not Available,Not Available,0.1827,0.262394,6.114416
1979 August,1.342578,1.370182,3.093268,5.814576,0.263316,0.073393,0.001222,Not Available,Not Available,0.182808,0.257423,6.341208
1979 September,1.198249,1.356909,2.868191,5.431098,0.237204,0.065516,0.00106,Not Available,Not Available,0.176891,0.243468,5.917473
1979 October,1.231391,1.589697,3.087436,5.911981,0.227745,0.069619,0.001189,Not Available,Not Available,0.182752,0.253559,6.399177
1979 November,1.237532,1.805128,3.006554,6.049123,0.209477,0.077213,0.001155,Not Available,Not Available,0.176949,0.255317,6.519619
1979 December,1.35391,2.115512,3.211645,6.682671,0.223959,0.078457,0.001409,Not Available,Not Available,0.18277,0.262637,7.17516
1980 January,1.394041,2.278492,3.188828,6.864636,0.215389,0.087244,0.001148,Not Available,Not Available,0.209829,0.298221,7.384294
1980 February,1.309761,2.186179,2.987494,6.482913,0.210277,0.073781,0.001103,Not Available,Not Available,0.19631,0.271194,6.970041
1980 March,1.291623,2.090937,2.948824,6.328141,0.218584,0.083978,0.001225,Not Available,Not Available,0.209727,0.294931,6.847703
1980 April,1.155186,1.562193,2.757535,5.470245,0.205,0.088865,0.001284,Not Available,Not Available,0.202894,0.293043,5.97414
1980 May,1.15954,1.380874,2.748166,5.283326,0.200541,0.099622,0.001512,Not Available,Not Available,0.209548,0.310682,5.800597
1980 June,1.231174,1.277249,2.664502,5.168984,0.199859,0.095451,0.001459,Not Available,Not Available,0.202723,0.299633,5.674328
1980 July,1.385342,1.318738,2.728917,5.42874,0.229329,0.084448,0.001534,Not Available,Not Available,0.209554,0.295537,5.959653
1980 August,1.377215,1.305406,2.683241,5.36277,0.265424,0.070517,0.001639,Not Available,Not Available,0.209675,0.281831,5.916072
1980 September,1.257702,1.322794,2.729299,5.305752,0.257127,0.063819,0.00148,Not Available,Not Available,0.202905,0.268204,5.836936
1980 October,1.224097,1.549528,2.873005,5.640628,0.267351,0.061661,0.001681,Not Available,Not Available,0.209717,0.273058,6.187085
1980 November,1.246566,1.791974,2.73927,5.775618,0.228892,0.066325,0.001643,Not Available,Not Available,0.202945,0.270913,6.281275
1980 December,1.39054,2.167904,3.110452,6.667805,0.241396,0.076858,0.001602,Not Available,Not Available,0.209671,0.288131,7.20338
1981 January,1.467366,2.319606,3.11837,6.904959,0.26228,0.077214,0.001725,Not Available,Not Available,0.220544,0.299483,7.476354
1981 February,1.297021,1.928722,2.585717,5.810571,0.238196,0.07283,0.001525,Not Available,Not Available,0.199248,0.273604,6.33107
1981 March,1.304283,1.933264,2.675019,5.910062,0.242709,0.07115,0.00171,Not Available,Not Available,0.220595,0.293454,6.455856
1981 April,1.186599,1.51385,2.500958,5.20014,0.227726,0.071718,0.001579,Not Available,Not Available,0.213467,0.286764,5.72395
1981 May,1.194768,1.451464,2.585675,5.231949,0.217546,0.083301,0.001564,Not Available,Not Available,0.220433,0.305297,5.764424
1981 June,1.295935,1.331774,2.632443,5.255929,0.233457,0.091061,0.001561,Not Available,Not Available,0.213237,0.30586,5.804567
1981 July,1.463331,1.336794,2.652557,5.452931,0.254569,0.086714,0.001716,Not Available,Not Available,0.220392,0.308821,6.025952
1981 August,1.430796,1.335664,2.585304,5.352038,0.297219,0.074556,0.001695,Not Available,Not Available,0.220428,0.296678,5.955566
1981 September,1.296714,1.286644,2.553468,5.135095,0.269115,0.061534,0.001705,Not Available,Not Available,0.21348,0.27672,5.69025
1981 October,1.284573,1.545294,2.663528,5.490746,0.226731,0.06242,0.001682,Not Available,Not Available,0.220581,0.284684,6.011792
1981 November,1.27444,1.647118,2.537492,5.459212,0.251301,0.065459,0.001468,Not Available,Not Available,0.213437,0.280364,6.000199
1981 December,1.411723,2.113001,2.793473,6.315167,0.286743,0.082279,0.001473,Not Available,Not Available,0.22044,0.304193,6.915734
1982 January,1.488841,2.447351,2.704918,6.640697,0.284331,0.092763,0.001297,Not Available,Not Available,0.226251,0.320311,7.254037
1982 February,1.294926,2.02315,2.433874,5.750531,0.223538,0.091907,0.001193,Not Available,Not Available,0.204375,0.297475,6.279099
1982 March,1.26221,1.87359,2.606926,5.740713,0.251971,0.102924,0.001051,Not Available,Not Available,0.226157,0.330131,6.329415
1982 April,1.154664,1.514599,2.60736,5.27593,0.241222,0.096303,0.00106,Not Available,Not Available,0.218821,0.316183,5.839641
1982 May,1.188681,1.158395,2.485054,4.829676,0.239606,0.096572,0.001231,Not Available,Not Available,0.226135,0.323939,5.400523
1982 June,1.212642,1.136504,2.438379,4.78391,0.26604,0.096463,0.001487,Not Available,Not Available,0.218866,0.316816,5.370515
1982 July,1.383398,1.167608,2.480346,5.028317,0.281997,0.094087,0.001564,Not Available,Not Available,0.226202,0.321854,5.638438
1982 August,1.376905,1.174323,2.497944,5.047842,0.276671,0.082333,0.001559,Not Available,Not Available,0.226168,0.310059,5.645483
1982 September,1.22966,1.162899,2.434187,4.823564,0.281149,0.068612,0.001495,Not Available,Not Available,0.218947,0.289054,5.404579
1982 October,1.192804,1.335372,2.490956,5.017757,0.257422,0.068091,0.001592,Not Available,Not Available,0.226373,0.296056,5.58269
1982 November,1.231755,1.589784,2.420923,5.241011,0.257281,0.080245,0.001672,Not Available,Not Available,0.218948,0.300864,5.809877
1982 December,1.305074,1.772929,2.578628,5.655954,0.269921,0.095522,0.001323,Not Available,Not Available,0.22621,0.323054,6.258576
1983 January,1.359687,2.265754,2.438421,6.062504,0.273422,0.100743,0.00165,Not Available,0.000001,0.246575,0.348969,6.694192
1983 February,1.180042,1.888071,2.223831,5.290891,0.242067,0.096206,0.001269,Not Available,0,0.222738,0.320213,5.862584
1983 March,1.196034,1.788953,2.604959,5.58921,0.260523,0.104348,0.001463,Not Available,0.000001,0.24661,0.352422,6.21144
1983 April,1.13955,1.533045,2.385301,5.055553,0.243561,0.103334,0.001371,Not Available,0.000001,0.238625,0.343331,5.651552
1983 May,1.172176,1.260206,2.432262,4.862973,0.240465,0.107568,0.001114,Not Available,0.000001,0.246647,0.35533,5.466313
1983 June,1.25652,1.090922,2.489536,4.836114,0.263376,0.10581,0.001465,Not Available,0.000001,0.238736,0.346012,5.454507
1983 July,1.499058,1.086246,2.517064,5.100754,0.279191,0.096883,0.001825,Not Available,0,0.246651,0.345359,5.735689
1983 August,1.573899,1.123874,2.606248,5.303409,0.285725,0.088929,0.002401,Not Available,0,0.246695,0.338025,5.938368
1983 September,1.366111,1.060564,2.513007,4.938737,0.272705,0.074808,0.002194,Not Available,0.000001,0.238755,0.315758,5.539393
1983 October,1.304357,1.125246,2.505054,4.933914,0.281314,0.071491,0.0023,Not Available,0.000002,0.246732,0.320524,5.547725
1983 November,1.325008,1.316659,2.504586,5.145302,0.272735,0.084956,0.002047,Not Available,0.000001,0.23878,0.325785,5.754351
1983 December,1.521978,1.681296,2.776983,5.977512,0.287465,0.108936,0.00163,Not Available,0,0.246871,0.357437,6.633021
1984 January,1.551521,2.399247,2.804008,6.755532,0.317844,0.102459,0.001665,0,0,0.251483,0.355607,7.439602
1984 February,1.35899,2.005105,2.404095,5.770207,0.308326,0.096034,0.002034,0,0.000001,0.235169,0.333238,6.421095
1984 March,1.402844,1.887051,2.684594,5.973514,0.296499,0.104801,0.002235,0.000001,0.000001,0.251529,0.358566,6.638199
1984 April,1.271621,1.639935,2.520623,5.431746,0.262738,0.10327,0.002205,0.000001,0.000002,0.243277,0.348756,6.053193
1984 May,1.297942,1.380376,2.608349,5.286097,0.280471,0.109683,0.002115,0.000002,0.000003,0.251408,0.363212,5.94047
1984 June,1.439065,1.204611,2.547346,5.188581,0.274321,0.099261,0.002053,0.000003,0.000002,0.243303,0.344623,5.817787
1984 July,1.51922,1.180805,2.589785,5.288875,0.306687,0.094772,0.00196,0.000001,0.000002,0.251632,0.348366,5.956261
1984 August,1.586855,1.181397,2.697843,5.46417,0.319793,0.086573,0.002454,0.000003,0.000001,0.251638,0.340669,6.13973
1984 September,1.383544,1.110435,2.468375,4.961915,0.316027,0.072076,0.00221,0.000003,0.000002,0.243596,0.317887,5.608152
1984 October,1.395014,1.208513,2.599145,5.19925,0.268621,0.071968,0.002426,0.000002,0.000003,0.251974,0.326373,5.807726
1984 November,1.393904,1.424191,2.521827,5.337341,0.266462,0.076704,0.002396,0.000001,0.000003,0.244068,0.323172,5.937855
1984 December,1.470103,1.771942,2.547104,5.788606,0.334742,0.088949,0.002656,0,0.000004,0.252042,0.343652,6.47774
1985 January,1.599226,2.155823,2.672391,6.42789,0.384371,0.094973,0.002641,0.000002,0.000002,0.256315,0.353933,7.175982
1985 February,1.405395,2.206765,2.419434,6.03303,0.32729,0.089219,0.002332,0,0.000004,0.231512,0.323067,6.691493
1985 March,1.385744,1.767205,2.557334,5.710393,0.32972,0.085029,0.002715,0,0.000002,0.256336,0.344083,6.396633
1985 April,1.319424,1.481028,2.501434,5.302405,0.28104,0.084276,0.002378,0.000004,0.000002,0.247599,0.334259,5.927452
1985 May,1.384445,1.17293,2.592054,5.146409,0.304823,0.091284,0.002473,0.000005,0.000001,0.255881,0.349644,5.812028
1985 June,1.431061,1.100814,2.503708,5.033449,0.32755,0.082425,0.002382,0.000005,0.000001,0.247643,0.332457,5.705607
1985 July,1.584552,1.14242,2.584345,5.309635,0.373727,0.073612,0.002619,0.000004,0,0.256159,0.332393,6.030259
1985 August,1.561888,1.141786,2.693552,5.395869,0.369775,0.06898,0.002737,0.000007,0.000001,0.256301,0.328026,6.109101
1985 September,1.424542,1.065341,2.43853,4.925617,0.366541,0.064761,0.002602,0.000005,0.000003,0.247997,0.315367,5.620093
1985 October,1.389491,1.171877,2.647682,5.207793,0.331461,0.069105,0.002491,0.000003,0.000002,0.256175,0.327776,5.878616
1985 November,1.385921,1.345754,2.499163,5.228088,0.320428,0.079075,0.003075,0.000001,0.000001,0.24807,0.330222,5.889734
1985 December,1.606739,1.951717,2.757676,6.315121,0.358837,0.087328,0.003372,0.000001,0,0.256246,0.346947,7.032092
1986 January,1.628376,2.205211,2.680492,6.514033,0.383159,0.073934,0.003438,0.000002,0.000001,0.249178,0.326552,7.236036
1986 February,1.412688,1.930555,2.442941,5.785886,0.346156,0.080075,0.002953,0.000002,0.000001,0.224922,0.307952,6.449229
1986 March,1.385114,1.772385,2.727101,5.883728,0.325549,0.098081,0.003071,0.000003,0.000002,0.248837,0.349995,6.567422
1986 April,1.264564,1.380229,2.594758,5.239137,0.322413,0.094922,0.002769,0.000005,0.000002,0.240788,0.338487,5.908141
1986 May,1.32118,1.192312,2.696101,5.206938,0.337725,0.093958,0.002798,0.000006,0.000003,0.248822,0.345587,5.899898
1986 June,1.46356,1.059219,2.624776,5.147695,0.331481,0.090562,0.003036,0.000005,0.000002,0.240837,0.334442,5.822855
1986 July,1.64801,1.053847,2.750898,5.451039,0.379718,0.083094,0.003221,0.000006,0.000002,0.249011,0.335334,6.17625
1986 August,1.515011,1.016637,2.80541,5.331362,0.396534,0.073104,0.003214,0.000006,0.000002,0.249176,0.325501,6.066354
1986 September,1.401321,0.960084,2.586916,4.947904,0.387113,0.072767,0.002693,0.000005,0,0.241074,0.316539,5.663063
1986 October,1.355954,1.037874,2.771165,5.164399,0.383103,0.073498,0.002647,0.000004,0.000001,0.248974,0.325125,5.882922
1986 November,1.366752,1.271522,2.612738,5.247547,0.369674,0.079755,0.002291,0.000003,0,0.241122,0.323172,5.950116
1986 December,1.497876,1.711484,2.857621,6.066258,0.417484,0.089397,0.003038,0.000001,0,0.249352,0.341787,6.836703
1987 January,1.563157,2.179929,2.778384,6.520368,0.417417,0.087702,0.003051,0,0,0.244137,0.33489,7.285959
1987 February,1.357526,1.968916,2.551887,5.879311,0.382159,0.073264,0.002829,0.000002,0,0.220511,0.296606,6.572796
1987 March,1.372447,1.7931,2.699987,5.863944,0.389382,0.080279,0.003102,0.000003,0,0.244157,0.327541,6.595795
1987 April,1.322692,1.472949,2.674699,5.470761,0.349992,0.076163,0.002924,0.000004,0,0.236139,0.315231,6.151443
1987 May,1.419056,1.212924,2.687267,5.319684,0.358374,0.083712,0.003072,0.000004,0.000001,0.244007,0.330797,6.021021
1987 June,1.553622,1.125283,2.737218,5.417632,0.38176,0.072271,0.003155,0.000006,0.000003,0.236522,0.311957,6.125305
1987 July,1.731657,1.118428,2.874513,5.724864,0.41826,0.069864,0.003262,0.000006,0.000004,0.244359,0.317495,6.476463
1987 August,1.719952,1.151681,2.746301,5.618573,0.431801,0.063744,0.00325,0.000004,0.000001,0.244396,0.311395,6.376964
1987 September,1.484318,1.068976,2.704211,5.26135,0.414191,0.062756,0.003032,0.000003,0.000001,0.236298,0.30209,5.988769
1987 October,1.448063,1.250133,2.827616,5.527906,0.381045,0.061964,0.00307,0.000002,0,0.244059,0.309095,6.229209
1987 November,1.433762,1.450775,2.630898,5.517998,0.390924,0.058272,0.002968,0.000001,0,0.236197,0.297439,6.216288
1987 December,1.602198,1.846705,2.905377,6.352849,0.438627,0.072753,0.003049,0.000001,0.000001,0.244104,0.319908,7.121705
1988 January,1.684214,2.237883,2.895584,6.820914,0.473469,0.076171,0.003078,0.000002,0.000002,0.255331,0.334583,7.639767
1988 February,1.539149,2.085677,2.775957,6.402514,0.447892,0.066029,0.002648,0.000003,0,0.238853,0.307533,7.169056
1988 March,1.48558,1.910986,2.949037,6.351358,0.465555,0.067539,0.003087,0.000004,0,0.255385,0.326015,7.153663
1988 April,1.368241,1.498021,2.689981,5.560392,0.424786,0.066195,0.002794,0.000002,0,0.247241,0.316232,6.310045
1988 May,1.418454,1.333133,2.716171,5.466201,0.430975,0.073601,0.002747,0.000004,0,0.255188,0.331539,6.236163
1988 June,1.601226,1.19723,2.774459,5.577641,0.467326,0.065346,0.002913,0.000005,0,0.24734,0.315603,6.36945
1988 July,1.748765,1.203533,2.804455,5.763547,0.528281,0.058636,0.003169,0.000004,0,0.255582,0.317391,6.620819
1988 August,1.819299,1.250795,2.945102,6.018489,0.519872,0.056923,0.003024,0.000004,0,0.255815,0.315766,6.86673
1988 September,1.522329,1.124432,2.765934,5.415734,0.49056,0.056241,0.002899,0.000003,0,0.247357,0.3065,6.221064
1988 October,1.498257,1.259569,2.942807,5.704981,0.451551,0.052265,0.002954,0,0,0.255517,0.310737,6.474842
1988 November,1.493134,1.485535,2.850221,5.829882,0.419662,0.063762,0.002933,0,0,0.247096,0.313792,6.569114
1988 December,1.667662,1.861598,3.063919,6.596231,0.467038,0.068748,0.002898,0,0,0.255345,0.326992,7.395219
1989 January,1.661361,2.093063,2.872847,6.634584,0.490288,0.073277,0.005154,0.002821,0.000497,0.266572,0.348321,7.47793
1989 February,1.570485,2.082145,2.697285,6.352085,0.409824,0.065188,0.004654,0.003041,0.000763,0.243927,0.317572,7.085748
1989 March,1.558177,2.022197,3.003263,6.586898,0.419471,0.079268,0.005438,0.00422,0.000873,0.268315,0.358115,7.366579
1989 April,1.421056,1.650696,2.693884,5.772522,0.354476,0.084295,0.004797,0.00466,0.000812,0.251946,0.346511,6.476837
1989 May,1.465828,1.413189,2.778194,5.66289,0.405739,0.0982,0.005064,0.005109,0.000697,0.241235,0.350304,6.422993
1989 June,1.571761,1.262426,2.849206,5.687456,0.454815,0.090614,0.004984,0.005175,0.000534,0.248447,0.349753,6.497441
1989 July,1.705408,1.288763,2.771958,5.769796,0.553819,0.079373,0.005069,0.005476,0.000485,0.261318,0.35172,6.682684
1989 August,1.717331,1.282892,2.924922,5.927662,0.581511,0.070675,0.004919,0.005389,0.000352,0.276985,0.35832,6.873345
1989 September,1.550947,1.242952,2.719971,5.515428,0.474507,0.066237,0.004609,0.004941,0.000956,0.264811,0.341553,6.334581
1989 October,1.524699,1.400854,2.896565,5.818518,0.460972,0.070285,0.004835,0.004501,0.000599,0.276462,0.356682,6.636256
1989 November,1.534514,1.630263,2.799093,5.962743,0.459296,0.074172,0.004623,0.003697,0.000419,0.276819,0.359731,6.77871
1989 December,1.788196,2.232167,3.157566,7.175947,0.537442,0.076402,0.004948,0.003465,0.000219,0.28252,0.367555,8.079173
1990 January,1.651617,2.214586,2.849383,6.71583,0.583273,0.083078,0.005514,0.003015,0.001028,0.236692,0.329327,7.627286
1990 February,1.465526,1.907248,2.597232,5.970118,0.528705,0.086122,0.005032,0.003256,0.000789,0.226266,0.321465,6.816815
1990 March,1.528733,1.87065,2.853453,6.25336,0.487694,0.098841,0.00554,0.004489,0.000837,0.244248,0.353956,7.091285
1990 April,1.449803,1.668133,2.714167,5.83131,0.407576,0.090589,0.004526,0.004946,0.001434,0.23264,0.334136,6.571535
1990 May,1.477073,1.452612,2.837106,5.766968,0.454445,0.095753,0.00522,0.005515,0.001195,0.210108,0.317791,6.538152
1990 June,1.604918,1.350899,2.806675,5.763212,0.490288,0.098444,0.005368,0.005534,0.001387,0.178544,0.289276,6.541956
1990 July,1.740572,1.341798,2.876087,5.961692,0.567668,0.08449,0.00543,0.005832,0.000406,0.219713,0.315872,6.848607
1990 August,1.776442,1.372602,3.040655,6.188925,0.590033,0.075559,0.005369,0.005781,0.000239,0.245632,0.33258,7.114287
1990 September,1.639972,1.333192,2.67668,5.650824,0.513067,0.061422,0.005072,0.005228,0.000311,0.239932,0.311965,6.477979
1990 October,1.604968,1.458073,2.818935,5.882538,0.459207,0.066657,0.005305,0.004782,0.000693,0.235437,0.312873,6.659672
1990 November,1.535479,1.609279,2.68843,5.832145,0.476554,0.071863,0.005092,0.003884,0.000789,0.220256,0.301883,6.614014
1990 December,1.697532,2.024196,2.742093,6.464655,0.545839,0.08644,0.005394,0.0037,0.000406,0.245644,0.341584,7.354936
1991 January,1.748968,2.389278,2.79138,6.931248,0.570005,0.091732,0.005679,0.003125,0.000212,0.269531,0.370278,7.874721
1991 February,1.460729,1.987785,2.44256,5.892879,0.501792,0.078638,0.004981,0.003369,0.000989,0.204535,0.292511,6.689547
1991 March,1.480065,1.921539,2.697918,6.101053,0.514987,0.092384,0.005658,0.004561,0.000707,0.214374,0.317683,6.937734
1991 April,1.37316,1.620823,2.607969,5.602625,0.43646,0.091874,0.005144,0.005026,0.000813,0.190452,0.293309,6.336924
1991 May,1.497435,1.416318,2.704182,5.618474,0.490175,0.101296,0.00527,0.005739,0.001237,0.206579,0.32012,6.434275
1991 June,1.596278,1.277489,2.74008,5.612394,0.568322,0.091854,0.005528,0.005803,0.00053,0.209721,0.313437,6.497763
1991 July,1.738203,1.377051,2.837241,5.955334,0.636742,0.086984,0.005556,0.006133,0.00053,0.210055,0.309257,6.908495
1991 August,1.737679,1.367091,2.875986,5.978671,0.613027,0.077658,0.00551,0.006035,0.000777,0.250834,0.340813,6.941024
1991 September,1.576469,1.311041,2.723596,5.614724,0.543843,0.065997,0.005196,0.005487,0.000707,0.267735,0.345122,6.511075
1991 October,1.540673,1.502664,2.841013,5.883668,0.49959,0.063197,0.005465,0.004935,0.001448,0.249408,0.324454,6.7159
1991 November,1.588175,1.770822,2.686684,6.046869,0.485359,0.066085,0.005647,0.004034,0.001448,0.241541,0.318757,6.857266
1991 December,1.653837,2.091062,2.841649,6.586641,0.561832,0.078349,0.005845,0.003792,0.000671,0.267033,0.35569,7.510383
1992 January,1.674804,2.336323,2.820735,6.835561,0.605734,0.077844,0.005828,0.003196,0.000512,0.279197,0.366577,7.814329
1992 February,1.496093,2.123792,2.612235,6.234612,0.552907,0.06467,0.005188,0.003451,0.001759,0.230468,0.305537,7.099607
1992 March,1.55524,2.025,2.79799,6.381501,0.479942,0.078408,0.005842,0.004752,0.00112,0.221177,0.311299,7.177119
1992 April,1.452659,1.783748,2.708347,5.94784,0.442584,0.07018,0.005351,0.005284,0.001088,0.210172,0.292073,6.687816
1992 May,1.487696,1.511315,2.757921,5.75883,0.477764,0.07998,0.005641,0.005883,0.00032,0.190537,0.282361,6.525237
1992 June,1.560214,1.361629,2.749827,5.675539,0.535959,0.080819,0.005556,0.005931,0.000256,0.230985,0.323546,6.540875
1992 July,1.780586,1.427258,2.866714,6.076354,0.586886,0.070671,0.005654,0.006274,0.000256,0.25015,0.333005,7.005855
1992 August,1.708952,1.369896,2.834168,5.915606,0.614183,0.065474,0.005689,0.006205,0.00048,0.269662,0.34751,6.885299
1992 September,1.604886,1.34719,2.727759,5.682676,0.533178,0.060474,0.005326,0.005628,0.001088,0.251511,0.324027,6.547934
1992 October,1.551277,1.453742,2.900902,5.908912,0.510817,0.059474,0.0056,0.005115,0.000832,0.269545,0.340565,6.769513
1992 November,1.549587,1.759472,2.730142,6.040422,0.531147,0.069964,0.005554,0.004187,0.00096,0.264383,0.345048,6.925044
1992 December,1.700478,2.214271,2.962189,6.881807,0.608106,0.085579,0.005633,0.003914,0.001184,0.263891,0.3602,7.85872
1993 January,1.694732,2.365892,2.650362,6.714885,0.620536,0.088873,0.005993,0.003288,0.000844,0.273487,0.372485,7.715435
1993 February,1.571442,2.246705,2.577761,6.395945,0.539056,0.07173,0.005752,0.00357,0.000169,0.241356,0.322577,7.264639
1993 March,1.642407,2.224915,2.901662,6.771593,0.489546,0.083868,0.006057,0.004954,0.001773,0.263426,0.360077,7.628164
1993 April,1.47171,1.749112,2.693385,5.917162,0.453758,0.09098,0.005985,0.005515,0.001266,0.226086,0.329831,6.705955
1993 May,1.477777,1.358354,2.739191,5.576916,0.529053,0.104743,0.005472,0.006053,0.001266,0.19501,0.312544,6.422042
1993 June,1.65183,1.371653,2.753742,5.780633,0.552722,0.095182,0.005471,0.006058,0.000295,0.196963,0.303968,6.640929
1993 July,1.879354,1.453512,2.882407,6.214218,0.593499,0.08436,0.005939,0.006445,0.000464,0.212516,0.309725,7.125978
1993 August,1.861654,1.477754,2.886391,6.23037,0.590418,0.071587,0.006014,0.006401,0.000253,0.261507,0.345762,7.177504
1993 September,1.613322,1.360318,2.845906,5.817883,0.525081,0.062245,0.005803,0.005818,0.000464,0.251085,0.325416,6.678245
1993 October,1.598503,1.568985,2.863767,6.036419,0.466738,0.062087,0.005796,0.005243,0.000971,0.25754,0.331637,6.845783
1993 November,1.616403,1.84491,2.832299,6.294266,0.492243,0.064729,0.005715,0.004297,0.001562,0.26383,0.340132,7.136902
1993 December,1.756016,2.20689,2.962001,6.929841,0.557848,0.076662,0.005886,0.004039,0.000929,0.265367,0.352882,7.851003
1994 January,1.850167,2.615894,2.960062,7.431876,0.594162,0.072773,0.005941,0.003432,0,0.307644,0.38979,8.4273
1994 February,1.609522,2.384642,2.737626,6.733204,0.520733,0.069738,0.005397,0.00368,0.000343,0.245198,0.324355,7.59133
1994 March,1.625221,2.11993,2.85541,6.605446,0.511829,0.080508,0.005537,0.005137,0.001865,0.261749,0.354797,7.487475
1994 April,1.476662,1.709439,2.808397,6.000177,0.451444,0.084264,0.005608,0.00564,0.001408,0.236697,0.333618,6.796308
1994 May,1.542882,1.467024,2.8572,5.872698,0.507184,0.088353,0.00556,0.006216,0.001256,0.202317,0.303702,6.695472
1994 June,1.756627,1.480278,2.869934,6.111767,0.540902,0.085343,0.005073,0.006292,0.001256,0.21514,0.313104,6.978259
1994 July,1.833751,1.488112,2.89421,6.220659,0.61795,0.079712,0.005347,0.006584,0.000647,0.274118,0.366408,7.219085
1994 August,1.815447,1.520623,3.00426,6.345064,0.628207,0.069257,0.005777,0.006471,0.000457,0.25182,0.333782,7.321677
1994 September,1.613611,1.440152,2.797262,5.857132,0.581426,0.056561,0.00539,0.005949,0.001066,0.235954,0.304919,6.755543
1994 October,1.579331,1.54791,2.915802,6.05067,0.529943,0.059757,0.005538,0.005458,0.001218,0.273101,0.345071,6.937882
1994 November,1.531004,1.787308,2.753775,6.07539,0.577783,0.065325,0.005454,0.004415,0.001675,0.261089,0.337957,7.003508
1994 December,1.675238,2.166757,3.000786,6.846502,0.632314,0.075959,0.005584,0.004136,0.000571,0.262708,0.348958,7.840023
1995 January,1.734081,2.483351,2.808457,7.028515,0.665531,0.084852,0.005125,0.003415,0.000019,0.242373,0.335783,8.041245
1995 February,1.564076,2.277657,2.71362,6.561758,0.544873,0.085447,0.003934,0.003692,0.00008,0.205693,0.298846,7.416956
1995 March,1.56238,2.188573,2.875317,6.633216,0.545102,0.097479,0.004332,0.005105,0.000016,0.240022,0.346954,7.537523
1995 April,1.451528,1.86057,2.724874,6.039398,0.518215,0.083847,0.00387,0.005735,0.000023,0.26729,0.360765,6.930125
1995 May,1.525782,1.65096,2.85098,6.035281,0.571444,0.094791,0.003649,0.00637,0.001394,0.225827,0.33203,6.950687
1995 June,1.666155,1.488465,2.908882,6.06616,0.592394,0.103128,0.003858,0.006471,0.001701,0.227957,0.343116,7.01388
1995 July,1.892732,1.62458,2.839761,6.361742,0.651824,0.093729,0.004132,0.00675,0.002115,0.293238,0.399964,7.425729
1995 August,1.984136,1.695992,2.989667,6.674332,0.64787,0.083175,0.006243,0.006674,0.001862,0.299676,0.397631,7.734677
1995 September,1.663762,1.491992,2.877042,6.040399,0.585133,0.068333,0.00469,0.006047,0.001955,0.268833,0.349856,6.985925
1995 October,1.615666,1.561282,2.901343,6.083335,0.570461,0.078993,0.007148,0.005471,0.000876,0.294565,0.387053,7.050424
1995 November,1.642728,1.956143,2.846051,6.451528,0.553807,0.087148,0.006492,0.004473,0.000427,0.272494,0.371034,7.384256
1995 December,1.785701,2.391574,3.006425,7.187681,0.628781,0.09964,0.006275,0.004192,0.000329,0.263176,0.373611,8.197855
1996 January,1.846331,2.657495,2.991233,7.499915,0.661075,0.104821,0.004591,0.003472,0.000503,0.273586,0.386973,8.555949
1996 February,1.674298,2.40481,2.851097,6.934096,0.587409,0.108488,0.004575,0.00376,0.000382,0.227637,0.344842,7.875975
1996 March,1.676263,2.281463,3.00658,6.969688,0.582642,0.115603,0.00445,0.005293,0.00064,0.259726,0.385713,7.948865
1996 April,1.51701,1.897379,2.848845,6.266615,0.528566,0.108647,0.00484,0.005865,0.000834,0.205781,0.325967,7.131721
1996 May,1.624761,1.680076,2.966258,6.272672,0.584355,0.113485,0.003701,0.006487,0.001336,0.232082,0.357092,7.224402
1996 June,1.754707,1.566541,2.899714,6.221216,0.603899,0.108928,0.004863,0.006562,0.001282,0.254723,0.376357,7.214236
1996 July,1.903677,1.569717,3.017311,6.492192,0.640194,0.098519,0.006472,0.006804,0.001826,0.281563,0.395184,7.543006
1996 August,1.92362,1.602561,3.088065,6.611527,0.645688,0.08962,0.006651,0.006602,0.001416,0.294661,0.39895,7.673458
1996 September,1.719606,1.505677,2.821743,6.048659,0.573389,0.075536,0.005883,0.005956,0.001199,0.258648,0.347223,6.981891
1996 October,1.722898,1.617748,3.165775,6.507758,0.531582,0.077094,0.006243,0.005494,0.000863,0.308935,0.398629,7.44878
1996 November,1.770365,1.969258,2.934448,6.676654,0.54754,0.080374,0.006275,0.004495,0.000337,0.295468,0.386949,7.621439
1996 December,1.868379,2.331923,2.999203,7.198654,0.600336,0.1034,0.005545,0.004262,0.000417,0.263996,0.377621,8.185244
1997 January,1.931005,2.595436,3.037625,7.567747,0.618248,0.112458,0.005192,0.003422,0.000411,0.274968,0.396451,8.591026
1997 February,1.642436,2.323114,2.716514,6.685037,0.531601,0.107528,0.004096,0.003762,0.000372,0.226674,0.342432,7.566024
1997 March,1.674451,2.202891,2.938412,6.818842,0.529045,0.119397,0.005407,0.005176,0.000507,0.250862,0.381349,7.737779
1997 April,1.595009,1.881259,2.958492,6.438344,0.471001,0.109441,0.005789,0.005748,0.001106,0.251878,0.373961,7.293386
1997 May,1.629447,1.683297,3.019662,6.334819,0.493552,0.116635,0.00571,0.006292,0.001196,0.266486,0.396319,7.232543
1997 June,1.744437,1.569908,2.98354,6.301964,0.546683,0.117564,0.004874,0.006433,0.001764,0.230961,0.361596,7.220479
1997 July,1.988514,1.706443,3.163791,6.864248,0.601853,0.108011,0.006085,0.006721,0.001738,0.259829,0.382384,7.862275
1997 August,1.941613,1.671787,3.066138,6.688172,0.641012,0.091802,0.006028,0.006612,0.001809,0.264502,0.370753,7.713541
1997 September,1.806164,1.571904,2.961127,6.338503,0.551839,0.079836,0.005771,0.005958,0.000888,0.249998,0.342452,7.242812
1997 October,1.812595,1.631616,3.144571,6.594252,0.493021,0.084394,0.005765,0.005437,0.000937,0.306693,0.403225,7.498098
1997 November,1.759272,1.970957,2.94465,6.676918,0.537176,0.0809,0.005704,0.004424,0.000248,0.264834,0.356111,7.579213
1997 December,1.920468,2.414106,3.13188,7.472125,0.581961,0.088252,0.006125,0.004187,0.000244,0.257536,0.356344,8.420365
1998 January,1.891535,2.508274,2.995854,7.403689,0.607312,0.098328,0.006296,0.003375,0.000059,0.277781,0.385839,8.402179
1998 February,1.660188,2.197926,2.708612,6.569874,0.535028,0.102347,0.005165,0.003629,0.000028,0.212823,0.323992,7.433762
1998 March,1.722384,2.232614,3.054294,7.012227,0.563483,0.108119,0.006251,0.005138,0.000021,0.242115,0.361643,7.943783
1998 April,1.602345,1.803886,3.044046,6.454305,0.498354,0.09761,0.004583,0.005664,0.000293,0.239214,0.347366,7.308779
1998 May,1.737653,1.634215,3.044732,6.421263,0.540248,0.113264,0.004321,0.006173,0.000489,0.249466,0.373713,7.342393
1998 June,1.865706,1.630555,3.080405,6.585208,0.584683,0.110348,0.004907,0.006327,0.001348,0.185191,0.30812,7.485279
1998 July,2.042377,1.768645,3.235903,7.053682,0.645187,0.097785,0.005879,0.006679,0.001868,0.246062,0.358273,8.068976
1998 August,2.039581,1.782247,3.208853,7.040388,0.633331,0.085678,0.006212,0.006584,0.001438,0.254189,0.354102,8.042543
1998 September,1.841326,1.636834,3.034732,6.519245,0.600147,0.07106,0.006079,0.005956,0.001623,0.247917,0.332635,7.460953
1998 October,1.75168,1.592778,3.162602,6.514528,0.602492,0.064434,0.006608,0.005395,0.001019,0.268751,0.346208,7.468256
1998 November,1.666298,1.807508,2.96771,6.445165,0.601894,0.06831,0.006004,0.004389,0.000618,0.230044,0.309366,7.359601
1998 December,1.83467,2.234747,3.183179,7.254417,0.655652,0.085937,0.005902,0.004147,0.001519,0.273938,0.371443,8.286219
1999 January,1.899404,2.611701,3.110744,7.627163,0.686455,0.100724,0.006154,0.003294,0.00115,0.271688,0.38301,8.699299
1999 February,1.64394,2.192185,2.833787,6.672181,0.600763,0.097902,0.005118,0.00357,0.001054,0.220435,0.328079,7.603491
1999 March,1.720541,2.25963,3.20149,7.188621,0.614858,0.109456,0.005921,0.004984,0.001524,0.211349,0.333234,8.139002
1999 April,1.637055,1.897575,3.046751,6.590746,0.507129,0.09328,0.005188,0.005536,0.001274,0.247537,0.352815,7.459182
1999 May,1.711331,1.619282,3.08547,6.418875,0.585793,0.098936,0.006109,0.006121,0.00094,0.287953,0.400059,7.413399
1999 June,1.838709,1.565126,3.165625,6.571305,0.651038,0.104294,0.005724,0.006184,0.000866,0.23739,0.354459,7.585314
1999 July,2.079309,1.723955,3.261008,7.067383,0.698212,0.101288,0.005814,0.006482,0.001556,0.264247,0.379388,8.15402
1999 August,2.016484,1.762724,3.323084,7.108281,0.712091,0.087778,0.005902,0.006377,0.001304,0.258368,0.35973,8.190041
1999 September,1.813848,1.564501,3.099364,6.479405,0.636771,0.071283,0.00587,0.005775,0.001288,0.243235,0.327451,7.457279
1999 October,1.743987,1.665213,3.253606,6.666627,0.578335,0.067908,0.006081,0.005311,0.001428,0.22879,0.30952,7.565749
1999 November,1.689054,1.771239,3.025099,6.494068,0.632772,0.07221,0.0058,0.004307,0.001209,0.255675,0.3392,7.478087
1999 December,1.828883,2.2761,3.327539,7.43838,0.706037,0.085198,0.006207,0.004068,0.00172,0.236623,0.333816,8.488111
2000 January,2.021217,2.586507,3.080283,7.692062,0.737981,0.086468,0.006086,0.003155,0.002202,0.222442,0.320353,8.760328
2000 February,1.833478,2.390781,2.990777,7.222425,0.669318,0.076714,0.005637,0.00344,0.002409,0.245205,0.333404,8.236611
2000 March,1.799109,2.129675,3.136901,7.071465,0.654279,0.09111,0.005793,0.004733,0.001194,0.263681,0.366512,8.101332
2000 April,1.629003,1.866071,2.985218,6.486421,0.607585,0.097207,0.005929,0.005239,0.001126,0.253235,0.362737,7.465288
2000 May,1.776114,1.772935,3.232871,6.789661,0.667205,0.09356,0.005805,0.005832,0.001392,0.254782,0.361371,7.828313
2000 June,1.928198,1.650324,3.200417,6.783197,0.701857,0.085931,0.00566,0.005895,0.001525,0.226346,0.325357,7.820433
2000 July,2.008226,1.705206,3.251586,6.970518,0.719306,0.082333,0.005838,0.006261,0.001296,0.254682,0.350411,8.055214
2000 August,2.078449,1.850883,3.383328,7.320572,0.701102,0.074999,0.005845,0.006144,0.001284,0.256683,0.344955,8.382084
2000 September,1.854721,1.595644,3.17254,6.629874,0.607662,0.060736,0.005128,0.005608,0.001134,0.240508,0.313113,7.561886
2000 October,1.839302,1.642844,3.250546,6.738354,0.547207,0.058639,0.005455,0.005056,0.001404,0.271693,0.342246,7.633342
2000 November,1.826174,1.968807,3.06024,6.858912,0.58894,0.065377,0.0056,0.004103,0.002808,0.262899,0.340787,7.796342
2000 December,1.985538,2.664303,3.408174,8.058291,0.65991,0.067181,0.005909,0.003882,0.001309,0.256071,0.334352,9.053727
2001 January,2.002949,2.74295,3.309276,8.058063,0.717508,0.064323,0.006104,0.003008,0.001328,0.230534,0.305297,9.087232
2001 February,1.731656,2.366588,2.926383,7.026546,0.639868,0.059617,0.005386,0.003261,0.001471,0.203263,0.272999,7.940996
2001 March,1.788025,2.301316,3.270197,7.362239,0.648935,0.069868,0.00597,0.004542,0.001816,0.220006,0.302202,8.319293
2001 April,1.620019,1.851132,3.144434,6.620594,0.58484,0.06146,0.005584,0.00502,0.002336,0.2128,0.2872,7.500746
2001 May,1.748867,1.558642,3.23105,6.542012,0.642374,0.065427,0.005565,0.005672,0.002167,0.210861,0.289692,7.48386
2001 June,1.860899,1.479031,3.140311,6.482683,0.710365,0.070723,0.005559,0.005755,0.002285,0.210598,0.29492,7.496223
2001 July,2.049665,1.635115,3.290953,6.97562,0.722301,0.061686,0.00593,0.006029,0.002167,0.224217,0.300029,8.00596
2001 August,2.089949,1.709253,3.333078,7.134657,0.714192,0.064534,0.005892,0.005947,0.001969,0.223552,0.301895,8.159589
2001 September,1.792281,1.529042,3.019016,6.340761,0.661861,0.052054,0.005734,0.00538,0.001673,0.213593,0.278433,7.283152
2001 October,1.726261,1.687909,3.252155,6.670422,0.631394,0.05198,0.005873,0.004773,0.002071,0.229675,0.294372,7.599526
2001 November,1.674629,1.740611,3.070881,6.487865,0.651034,0.052589,0.005796,0.003905,0.001605,0.219018,0.282914,7.425735
2001 December,1.829069,2.170971,3.095939,7.0983,0.704181,0.06601,0.00597,0.003675,0.002101,0.224239,0.301994,8.113401
2002 January,1.848766,2.541086,3.17915,7.568672,0.740608,0.074364,0.00641,0.002923,0.002769,0.226851,0.313316,8.631006
2002 February,1.634422,2.290544,2.849592,6.777398,0.643836,0.068894,0.005685,0.003189,0.002436,0.19937,0.279574,7.707393
2002 March,1.713009,2.30598,3.212428,7.23929,0.65827,0.071682,0.006264,0.004435,0.002907,0.214601,0.29989,8.20266
2002 April,1.616337,1.921276,3.118092,6.654541,0.6102,0.082729,0.005755,0.004877,0.003495,0.212366,0.309223,7.579701
2002 May,1.718424,1.64523,3.244952,6.612856,0.658182,0.090973,0.006165,0.005408,0.003677,0.224755,0.330978,7.604154
2002 June,1.861288,1.624904,3.169198,6.657799,0.693055,0.096262,0.005878,0.005585,0.003843,0.214539,0.326107,7.68315
2002 July,2.053634,1.784155,3.305389,7.152411,0.735334,0.086906,0.006323,0.005812,0.003038,0.236261,0.33834,8.238323
2002 August,2.033812,1.761258,3.324274,7.126571,0.739061,0.071938,0.006203,0.005719,0.003332,0.223963,0.311155,8.186891
2002 September,1.875494,1.574066,3.092413,6.550505,0.673308,0.0583,0.006029,0.005162,0.002511,0.229971,0.301973,7.531276
2002 October,1.817247,1.679165,3.217291,6.720017,0.631668,0.058589,0.006231,0.004647,0.002506,0.243674,0.315646,7.671844
2002 November,1.787389,1.953127,3.158677,6.909449,0.642395,0.067319,0.00601,0.003821,0.002238,0.232533,0.311921,7.866948
2002 December,1.944168,2.429293,3.245966,7.622747,0.719511,0.073933,0.006235,0.003551,0.002577,0.241737,0.328033,8.672089
2003 January,2.018845,2.769865,3.249706,8.039713,0.721318,0.070287,0.006618,0.002848,0.002158,0.234717,0.316629,9.082184
2003 February,1.774317,2.564363,3.000071,7.352223,0.635136,0.067489,0.005959,0.003083,0.002543,0.216118,0.295192,8.285728
2003 March,1.756996,2.253849,3.236521,7.250885,0.624624,0.082578,0.006465,0.004334,0.003535,0.231195,0.328108,8.204893
2003 April,1.616938,1.787626,3.155276,6.563808,0.591715,0.084478,0.006232,0.004795,0.003729,0.228736,0.327968,7.486347
2003 May,1.710249,1.55118,3.19335,6.456592,0.648269,0.100297,0.006315,0.005298,0.003434,0.229825,0.345168,7.451393
2003 June,1.845179,1.401748,3.17341,6.424067,0.668892,0.097536,0.006424,0.005421,0.003573,0.227395,0.340349,7.434642
2003 July,2.046458,1.639346,3.324272,7.014799,0.725921,0.084765,0.006517,0.005579,0.003253,0.241766,0.341879,8.090458
2003 August,2.076858,1.691505,3.39274,7.162053,0.719367,0.078381,0.006488,0.005522,0.002782,0.240779,0.333952,8.222899
2003 September,1.865606,1.463482,3.166315,6.499037,0.662669,0.063055,0.006358,0.005034,0.003054,0.229274,0.306776,7.467133
2003 October,1.802107,1.591264,3.3109,6.708386,0.625489,0.062878,0.006406,0.004535,0.003061,0.237129,0.314009,7.64311
2003 November,1.813367,1.796227,3.140625,6.753287,0.621151,0.067268,0.00618,0.003669,0.00328,0.236682,0.31708,7.688889
2003 December,1.994007,2.320191,3.363816,7.684241,0.715071,0.082039,0.006653,0.003452,0.00377,0.252855,0.348768,8.748823
2004 January,2.025102,2.738805,3.328361,8.096323,0.738367,0.078419,0.006942,0.002809,0.00341,0.256495,0.348075,9.183197
2004 February,1.830837,2.570153,3.179591,7.589798,0.668455,0.071357,0.006504,0.003019,0.003486,0.238543,0.322908,8.580763
2004 March,1.746479,2.149567,3.357784,7.263378,0.659937,0.078184,0.006758,0.004289,0.004406,0.24863,0.342267,8.262434
2004 April,1.616,1.785159,3.267693,6.692449,0.611292,0.07127,0.006405,0.004722,0.004418,0.248412,0.335227,7.638983
2004 May,1.779319,1.607812,3.341184,6.765564,0.676959,0.081955,0.006644,0.005278,0.005806,0.244964,0.344647,7.787769
2004 June,1.886474,1.520787,3.311893,6.739287,0.706331,0.086161,0.006621,0.005343,0.004767,0.246754,0.349647,7.797455
2004 July,2.042463,1.623573,3.446458,7.121877,0.750556,0.079562,0.006883,0.005575,0.003973,0.257191,0.353184,8.2355
2004 August,2.015186,1.613918,3.463136,7.099052,0.741102,0.073672,0.006813,0.005488,0.003585,0.254388,0.343947,8.195797
2004 September,1.8778,1.51531,3.268051,6.65937,0.687539,0.070032,0.006497,0.004986,0.003718,0.243852,0.329085,7.679238
2004 October,1.80633,1.591805,3.413226,6.817708,0.652067,0.06436,0.006879,0.00447,0.003511,0.254761,0.333981,7.80738
2004 November,1.819334,1.823223,3.296767,6.945019,0.614635,0.071437,0.006578,0.003625,0.003181,0.248184,0.333005,7.897764
2004 December,2.020872,2.382949,3.465109,7.876444,0.715534,0.089431,0.00681,0.003418,0.003999,0.265897,0.369554,8.966889
2005 January,2.012518,2.629461,3.363017,8.015701,0.728728,0.082817,0.007143,0.002742,0.003861,0.265619,0.362181,9.111653
2005 February,1.77599,2.300506,3.0628,7.152356,0.636042,0.073722,0.00622,0.002968,0.003298,0.247041,0.333249,8.127787
2005 March,1.845437,2.261281,3.436279,7.55195,0.642216,0.078258,0.00698,0.004158,0.005325,0.259499,0.354219,8.556536
2005 April,1.637086,1.767992,3.20424,6.615682,0.579031,0.078675,0.006829,0.004638,0.005792,0.246323,0.342257,7.543242
2005 May,1.748602,1.560987,3.39389,6.708309,0.65716,0.093074,0.007185,0.005178,0.005959,0.256686,0.368082,7.738733
2005 June,1.953828,1.571608,3.387677,6.914146,0.690282,0.091384,0.007036,0.005247,0.006131,0.255114,0.364912,7.974767
2005 July,2.094019,1.72836,3.439332,7.266962,0.741687,0.088565,0.007213,0.005438,0.004848,0.267028,0.373092,8.391292
2005 August,2.116709,1.736863,3.563507,7.413572,0.744938,0.073582,0.007149,0.005396,0.003883,0.26873,0.35874,8.529253
2005 September,1.93733,1.456699,3.230581,6.621822,0.696488,0.059245,0.00695,0.004894,0.00501,0.255836,0.331935,7.656542
2005 October,1.851885,1.462061,3.347469,6.660177,0.639055,0.061438,0.007126,0.004399,0.004934,0.262388,0.340286,7.645903
2005 November,1.802265,1.704151,3.281463,6.78902,0.656557,0.066031,0.006939,0.003547,0.005492,0.258577,0.340586,7.793174
2005 December,2.020875,2.385397,3.506313,7.91297,0.748627,0.075546,0.007159,0.003335,0.006237,0.271089,0.363365,9.032041
2006 January,1.909554,2.220166,3.338662,7.470393,0.750397,0.093614,0.007312,0.002881,0.00813,0.27522,0.387157,8.61287
2006 February,1.780597,2.198556,3.021778,7.004642,0.653394,0.084487,0.006605,0.003124,0.006558,0.245044,0.345819,8.009229
2006 March,1.81381,2.179727,3.361845,7.361981,0.664927,0.084019,0.007421,0.004327,0.008048,0.263614,0.367428,8.399992
2006 April,1.602757,1.723031,3.19465,6.523944,0.600714,0.097432,0.006869,0.004821,0.008434,0.252265,0.36982,7.499266
2006 May,1.765643,1.564935,3.343931,6.678094,0.655064,0.105153,0.006855,0.005368,0.008389,0.267851,0.393615,7.731733
2006 June,1.903022,1.588425,3.322214,6.819267,0.713665,0.101532,0.007108,0.00541,0.007001,0.27164,0.392691,7.930465
2006 July,2.101758,1.802412,3.386528,7.294424,0.753266,0.086799,0.007421,0.00564,0.006671,0.280203,0.386734,8.444892
2006 August,2.123005,1.79505,3.511486,7.432139,0.751488,0.074137,0.007515,0.005657,0.005647,0.282741,0.375697,8.569819
2006 September,1.843209,1.497401,3.252845,6.606302,0.695413,0.058691,0.007177,0.005085,0.006412,0.273896,0.351261,7.652979
2006 October,1.84049,1.684294,3.384152,6.921649,0.60011,0.058192,0.007468,0.004577,0.008333,0.282458,0.361028,7.883994
2006 November,1.807172,1.809025,3.2453,6.862516,0.640629,0.069167,0.007136,0.003718,0.008668,0.277249,0.365938,7.871672
2006 December,1.956143,2.175717,3.367123,7.501847,0.73556,0.073685,0.007519,0.003487,0.008433,0.289959,0.383083,8.628033
2007 January,1.991341,2.535185,3.308294,7.838025,0.776251,0.088865,0.007911,0.003016,0.008367,0.295687,0.403846,9.024612
2007 February,1.834678,2.629609,3.100993,7.566001,0.684143,0.063349,0.006983,0.003269,0.008598,0.26465,0.346849,8.606674
2007 March,1.795345,2.179702,3.323562,7.29742,0.674497,0.082446,0.007599,0.004579,0.010397,0.287435,0.392456,8.370524
2007 April,1.664669,1.853482,3.219895,6.739492,0.601035,0.081515,0.007329,0.005051,0.010822,0.277639,0.382355,7.732532
2007 May,1.774994,1.598472,3.349831,6.726061,0.682043,0.088872,0.007431,0.005658,0.010073,0.285363,0.397397,7.817389
2007 June,1.947326,1.592406,3.253306,6.798607,0.722934,0.07785,0.007603,0.005707,0.008941,0.284184,0.384285,7.916692
2007 July,2.082997,1.700412,3.364006,7.145962,0.762954,0.076694,0.007757,0.005981,0.007364,0.295092,0.392889,8.314668
2007 August,2.133506,1.942316,3.416924,7.49518,0.763084,0.068037,0.007771,0.005886,0.00921,0.295746,0.386651,8.656825
2007 September,1.907819,1.628035,3.198503,6.737768,0.708832,0.050302,0.007533,0.005367,0.009781,0.28664,0.359623,7.810938
2007 October,1.831655,1.66616,3.30936,6.807023,0.647062,0.050485,0.007805,0.004848,0.011521,0.302388,0.377047,7.837996
2007 November,1.801219,1.877753,3.199561,6.883434,0.680729,0.053507,0.00751,0.003922,0.01056,0.296006,0.371505,7.944312
2007 December,1.983916,2.459226,3.323381,7.770058,0.755027,0.062582,0.00781,0.003662,0.011909,0.313995,0.399957,8.931951
2008 January,2.025644,2.802167,3.234632,8.066247,0.739318,0.070898,0.008038,0.003206,0.01458,0.327188,0.423909,9.240569
2008 February,1.866872,2.565362,2.982842,7.416912,0.680743,0.064108,0.007368,0.003518,0.013142,0.299991,0.388128,8.496201
2008 March,1.801188,2.333853,3.161089,7.303725,0.676417,0.073934,0.008181,0.004933,0.016316,0.313922,0.417287,8.40475
2008 April,1.667478,1.867975,3.074086,6.617114,0.599242,0.075862,0.007943,0.005478,0.017829,0.31325,0.420361,7.646043
2008 May,1.754297,1.614659,3.167792,6.539491,0.67756,0.092879,0.008209,0.006029,0.018221,0.320296,0.445634,7.670573
2008 June,1.918698,1.643025,3.047686,6.618345,0.734978,0.099553,0.008087,0.006181,0.017539,0.311788,0.443148,7.805844
2008 July,2.092275,1.750827,3.125737,6.974474,0.776775,0.087194,0.008276,0.006408,0.013677,0.33018,0.445735,8.211701
2008 August,2.045647,1.723791,3.070336,6.840556,0.758994,0.072434,0.008256,0.006326,0.011138,0.33184,0.429994,8.044358
2008 September,1.836245,1.494838,2.771451,6.104693,0.700847,0.0552,0.007996,0.005758,0.010616,0.319736,0.399306,7.215284
2008 October,1.736712,1.673995,3.152204,6.563795,0.656598,0.052783,0.00827,0.005166,0.016229,0.331946,0.414393,7.640267
2008 November,1.741143,1.913676,2.932666,6.588885,0.662742,0.053459,0.007995,0.004167,0.017038,0.324878,0.407538,7.663334
2008 December,1.901237,2.458786,3.048861,7.40631,0.762278,0.071179,0.008216,0.003926,0.022573,0.326377,0.432271,8.607804
2009 January,1.903992,2.79216,3.027863,7.722378,0.775038,0.080149,0.008958,0.003247,0.020304,0.313715,0.426373,8.93067
2009 February,1.581659,2.384794,2.684451,6.649806,0.671752,0.060775,0.008104,0.003578,0.019968,0.286141,0.378565,7.708156
2009 March,1.536126,2.218983,2.961044,6.714718,0.703269,0.074475,0.008998,0.005053,0.024222,0.317339,0.430087,7.852312
2009 April,1.421731,1.779264,2.853152,6.051653,0.621353,0.087927,0.008584,0.005614,0.025446,0.307442,0.435012,7.114178
2009 May,1.485788,1.536921,2.86846,5.889515,0.683971,0.100858,0.008775,0.0062,0.021366,0.323274,0.460473,7.043296
2009 June,1.654827,1.561083,2.888495,6.102856,0.729356,0.099744,0.008538,0.006229,0.019105,0.323707,0.457323,7.300127
2009 July,1.759589,1.694878,2.93252,6.385124,0.762973,0.079789,0.008844,0.006582,0.016906,0.343778,0.455899,7.617914
2009 August,1.810859,1.775076,2.983297,6.565902,0.755606,0.066808,0.00883,0.006501,0.018645,0.348901,0.449686,7.786464
2009 September,1.554736,1.608916,2.834324,5.996211,0.687698,0.059228,0.008565,0.005892,0.015868,0.330682,0.420236,7.114686
2009 October,1.579969,1.702122,2.937771,6.216283,0.606841,0.067186,0.008727,0.005307,0.023248,0.347009,0.451477,7.286042
2009 November,1.549706,1.814114,2.8111,6.173966,0.617805,0.071678,0.008758,0.0043,0.023458,0.343246,0.451441,7.251903
2009 December,1.852224,2.547629,2.996666,7.394065,0.739558,0.084378,0.009228,0.004023,0.023563,0.354782,0.475975,8.62068
2010 January,1.917331,2.86903,2.892448,7.674596,0.758495,0.076371,0.009529,0.003489,0.023387,0.367294,0.48007,8.927287
2010 February,1.708841,2.533045,2.644636,6.890472,0.681945,0.070252,0.008519,0.003837,0.018533,0.342116,0.443258,8.027236
2010 March,1.638165,2.186711,2.988986,6.81611,0.675562,0.071262,0.009512,0.005391,0.029306,0.374892,0.490363,7.992439
2010 April,1.446342,1.725374,2.906005,6.078281,0.602151,0.065158,0.009122,0.006039,0.033316,0.365582,0.479218,7.168548
2010 May,1.620805,1.648905,2.961855,6.233575,0.696713,0.08557,0.009525,0.006767,0.029676,0.374413,0.505951,7.440753
2010 June,1.847581,1.682136,2.973783,6.504583,0.713885,0.101861,0.009202,0.006901,0.027463,0.37448,0.519908,7.746892
2010 July,1.998568,1.862228,3.026082,6.887004,0.75164,0.083651,0.009399,0.007165,0.022942,0.385875,0.509032,8.157272
2010 August,1.99481,1.916484,3.087218,6.999945,0.748093,0.068647,0.009478,0.007079,0.022812,0.387501,0.495518,8.249761
2010 September,1.696615,1.669663,2.951903,6.317627,0.725068,0.058909,0.009164,0.006439,0.024244,0.374086,0.472843,7.517314
2010 October,1.52186,1.69746,2.956527,6.173845,0.655872,0.060334,0.009223,0.005698,0.027104,0.383983,0.486342,7.317534
2010 November,1.563713,2.013095,2.867965,6.439027,0.654872,0.066744,0.009163,0.004725,0.033259,0.380095,0.493987,7.590593
2010 December,1.879339,2.770623,3.063096,7.70799,0.770138,0.079053,0.009591,0.004388,0.03091,0.395319,0.519262,9.006244
2011 January,1.88754,2.947202,2.941462,7.776325,0.761181,0.087112,0.009989,0.003931,0.029174,0.384854,0.515061,9.061737
2011 February,1.559705,2.50194,2.637718,6.699789,0.677953,0.082336,0.009017,0.004382,0.035661,0.352374,0.483769,7.869086
2011 March,1.543832,2.27445,2.992478,6.812883,0.687083,0.106231,0.009957,0.006054,0.035978,0.384329,0.54255,8.050985
2011 April,1.420945,1.860165,2.811115,6.092503,0.570783,0.106435,0.009447,0.006772,0.042383,0.364286,0.529323,7.200102
2011 May,1.550327,1.698892,2.869596,6.120641,0.596583,0.111187,0.009889,0.007509,0.040167,0.37911,0.547861,7.277443
2011 June,1.757176,1.688805,2.901812,6.349218,0.682987,0.1097,0.009363,0.007681,0.037481,0.389087,0.553312,7.596321
2011 July,1.952516,1.926916,2.92215,6.801611,0.757017,0.106743,0.009723,0.007917,0.025551,0.389828,0.539763,8.11466
2011 August,1.916144,1.92815,3.029145,6.877569,0.746487,0.087905,0.009742,0.007972,0.0255,0.402432,0.533551,8.173216
2011 September,1.613884,1.686983,2.85795,6.159359,0.699506,0.07294,0.009401,0.007191,0.023437,0.380432,0.493401,7.36257
2011 October,1.475112,1.777421,2.930054,6.182237,0.662758,0.067515,0.009763,0.006518,0.035913,0.389052,0.50876,7.363264
2011 November,1.425056,2.07127,2.861143,6.355753,0.674655,0.070562,0.009557,0.005269,0.04244,0.389976,0.517804,7.556201
2011 December,1.555548,2.592346,2.884551,7.034714,0.751706,0.080973,0.009912,0.005065,0.036358,0.410732,0.54304,8.341012
2012 January,1.491043,2.816977,2.834042,7.144212,0.758482,0.078842,0.009689,0.004617,0.046508,0.378211,0.517867,8.431531
2012 February,1.338104,2.555762,2.697773,6.591734,0.669053,0.069209,0.009103,0.005088,0.037708,0.361337,0.482445,7.752683
2012 March,1.232736,2.173561,2.806975,6.215814,0.646854,0.088393,0.009763,0.007164,0.047861,0.381016,0.534198,7.407127
2012 April,1.112027,1.994864,2.727073,5.839891,0.585471,0.08972,0.009464,0.008113,0.043363,0.365259,0.515919,6.95404
2012 May,1.329279,1.913537,2.880805,6.124276,0.650551,0.097724,0.009828,0.009334,0.042788,0.384623,0.544297,7.333871
2012 June,1.497893,1.90813,2.841532,6.247402,0.682603,0.090956,0.009564,0.009624,0.040849,0.377961,0.528953,7.47315
2012 July,1.789989,2.114077,2.885951,6.789834,0.724406,0.090387,0.009884,0.009954,0.030104,0.380753,0.521083,8.054658
2012 August,1.718283,2.051682,2.976717,6.746537,0.729361,0.078591,0.009827,0.009704,0.028898,0.391634,0.518654,8.013308
2012 September,1.455586,1.845379,2.71936,6.019045,0.67601,0.060065,0.00964,0.008978,0.029991,0.365918,0.474593,7.183303
2012 October,1.402746,1.941321,2.895526,6.236452,0.626049,0.056304,0.009913,0.00823,0.043114,0.379734,0.497295,7.372289
2012 November,1.472029,2.214645,2.778067,6.462099,0.594293,0.063918,0.009801,0.006729,0.039745,0.369366,0.489559,7.55924
2012 December,1.53852,2.55865,2.789278,6.886605,0.718688,0.078423,0.010122,0.006452,0.049554,0.381122,0.525673,8.142316
2013 January,1.572497,2.95182,2.890235,7.413982,0.746119,0.084715,0.010108,0.005883,0.050288,0.390743,0.541736,8.716585
2013 February,1.41441,2.632217,2.588981,6.636237,0.64244,0.069668,0.009089,0.006678,0.048026,0.356257,0.489718,7.782884
2013 March,1.481315,2.584486,2.855265,6.918264,0.657737,0.070063,0.010096,0.00928,0.053758,0.399652,0.542849,8.134635
2013 April,1.28707,2.015981,2.774659,6.076252,0.593157,0.085631,0.009567,0.010174,0.059629,0.388467,0.553468,7.236443
2013 May,1.363673,1.795051,2.901584,6.060583,0.6567,0.097072,0.009855,0.011288,0.055406,0.405242,0.578864,7.313256
2013 June,1.564343,1.785401,2.816439,6.163129,0.694124,0.093434,0.009581,0.01177,0.046909,0.407273,0.568966,7.445031
2013 July,1.722982,1.973521,2.985012,6.679546,0.737064,0.092993,0.009955,0.012065,0.037851,0.419772,0.572635,8.009281
2013 August,1.700671,1.974609,2.964994,6.638514,0.745477,0.073813,0.009905,0.012362,0.032871,0.417015,0.545967,7.950916
2013 September,1.520094,1.810038,2.880053,6.209405,0.687533,0.057871,0.009652,0.011574,0.039832,0.403071,0.522001,7.435769
2013 October,1.401506,1.912351,2.962459,6.275289,0.660205,0.058682,0.010045,0.010968,0.046523,0.422721,0.548938,7.499269
2013 November,1.393993,2.374758,2.890335,6.656275,0.678929,0.060313,0.009418,0.009046,0.053921,0.414747,0.547444,7.89856
2013 December,1.616079,2.994905,2.887915,7.496801,0.744947,0.07209,0.010053,0.008817,0.047656,0.436071,0.574685,8.830826
2014 January,1.74661,3.301739,2.934395,7.981908,0.765208,0.073815,0.010016,0.008174,0.061113,0.413993,0.567111,9.328504
2014 February,1.599885,2.824408,2.622714,7.045436,0.655141,0.059356,0.008987,0.008818,0.047798,0.379026,0.503985,8.21529
2014 March,1.52349,2.634668,2.832767,6.99032,0.652611,0.082765,0.009957,0.01265,0.060515,0.418247,0.584135,8.239508
2014 April,1.239603,2.019421,2.819766,6.07762,0.589726,0.086801,0.009701,0.013962,0.063584,0.406676,0.580725,7.259854
2014 May,1.356781,1.862981,2.881629,6.099528,0.658367,0.090568,0.009939,0.01579,0.053232,0.418257,0.587785,7.361252
2014 June,1.558821,1.796176,2.824066,6.178278,0.712658,0.087838,0.009632,0.016459,0.053906,0.418624,0.586459,7.492572
2014 July,1.70228,1.935907,2.982771,6.61897,0.752422,0.083107,0.009896,0.016428,0.041583,0.433924,0.584938,7.974306
2014 August,1.69355,1.989587,2.982831,6.662978,0.743936,0.067582,0.009928,0.016656,0.034702,0.433738,0.562607,7.989361
2014 September,1.456971,1.86203,2.873933,6.190374,0.706343,0.054846,0.00968,0.015661,0.039305,0.409842,0.529335,7.444028
2014 October,1.304013,1.968636,3.040751,6.311486,0.652547,0.058547,0.009983,0.014535,0.049501,0.425622,0.558187,7.537305
2014 November,1.375805,2.427781,2.8778,6.679229,0.681301,0.063548,0.009868,0.011828,0.064374,0.416235,0.565853,7.942446
2014 December,1.439824,2.759504,2.984391,7.180598,0.767299,0.076186,0.010085,0.010409,0.050195,0.438466,0.58534,8.547878
2015 January,1.498062,3.225121,2.961414,7.682537,0.776715,0.08236,0.01004,0.009835,0.051733,0.411721,0.565689,9.042757
2015 February,1.408891,3.02876,2.722946,7.159352,0.66368,0.07604,0.009171,0.011502,0.050912,0.381098,0.528723,8.36615
2015 March,1.238275,2.682045,2.979363,6.899031,0.67503,0.082846,0.010149,0.016019,0.052231,0.413942,0.575187,8.168657
2015 April,1.036587,2.077147,2.872362,5.984159,0.625226,0.076671,0.009561,0.018092,0.060963,0.402209,0.567495,7.197158
2015 May,1.206388,1.92174,2.975375,6.101003,0.688414,0.068668,0.010136,0.019547,0.05852,0.423552,0.580423,7.390337
2015 June,1.438646,1.965222,2.959396,6.36044,0.716542,0.069653,0.00966,0.019842,0.045793,0.421258,0.566206,7.663923
2015 July,1.586788,2.139057,3.109682,6.834754,0.746829,0.071701,0.010022,0.0207,0.046661,0.436324,0.585407,8.188313
2015 August,1.530787,2.12351,3.076788,6.729872,0.75732,0.065245,0.009979,0.020759,0.044629,0.435895,0.576507,8.085915
2015 September,1.351456,1.966653,2.896806,6.214951,0.69521,0.054913,0.009323,0.018061,0.047671,0.416618,0.546587,7.476887
2015 October,1.137837,2.055676,2.992968,6.184823,0.633451,0.056743,0.009907,0.01597,0.055889,0.418836,0.557346,7.391192
2015 November,1.045014,2.32738,2.827707,6.197692,0.63024,0.065981,0.00977,0.013654,0.067154,0.415574,0.572133,7.417765
2015 December,1.070137,2.678785,2.993292,6.741673,0.728229,0.079041,0.010091,0.012571,0.068576,0.431495,0.601775,8.089079
2016 January,1.29718,3.200999,2.918022,7.415254,0.758537,0.087397,0.009923,0.011809,0.063007,0.408324,0.58046,8.775182
2016 February,1.074345,2.745566,2.844096,6.663741,0.686509,0.082362,0.009274,0.015522,0.068712,0.396747,0.572617,7.939521
2016 March,0.867377,2.438381,3.031618,6.3369,0.691851,0.093454,0.009866,0.019423,0.074857,0.419607,0.617207,7.663489
2016 April,0.844204,2.156019,2.886959,5.886045,0.656112,0.088296,0.00933,0.021541,0.070967,0.393207,0.58334,7.140006
2016 May,0.960164,2.033497,2.96594,5.958827,0.696324,0.08696,0.009957,0.024613,0.064309,0.420499,0.606337,7.2792
2016 June,1.314479,2.069855,2.963421,6.347812,0.702587,0.079284,0.009475,0.025113,0.055627,0.418525,0.588025,7.659366
2016 July,1.528865,2.262495,3.034521,6.824567,0.735784,0.073206,0.009852,0.02722,0.060114,0.434663,0.605055,8.189629
2016 August,1.521198,2.285098,3.12859,6.932325,0.748095,0.066771,0.009897,0.0269,0.046367,0.441141,0.591076,8.294568
2016 September,1.296259,2.015024,2.941776,6.251514,0.684522,0.055847,0.009732,0.024341,0.055969,0.415858,0.561746,7.513855
2016 October,1.147161,1.991499,3.02511,6.160696,0.63521,0.05916,0.009995,0.021566,0.069384,0.419251,0.579357,7.39341
2016 November,1.022244,2.234524,2.919385,6.171333,0.681705,0.064174,0.009858,0.018088,0.066212,0.425689,0.584021,7.457544
2016 December,1.352427,2.967399,3.052454,7.37,0.749517,0.076865,0.010339,0.016298,0.078973,0.459944,0.642418,8.778564
2017 January,1.312712,3.013738,2.955618,7.278846,0.764768,0.090854,0.010194,0.015697,0.070965,0.417133,0.604844,8.670755
2017 February,1.011109,2.419781,2.646576,6.076266,0.664778,0.081485,0.009098,0.018016,0.075375,0.380408,0.564382,7.322425
2017 March,1.029337,2.608851,3.076851,6.713505,0.68081,0.10104,0.010126,0.027698,0.087793,0.424656,0.651313,8.062772
2017 April,0.937459,1.996144,2.913214,5.845469,0.593479,0.100345,0.009795,0.030426,0.08659,0.403584,0.63074,7.084891
2017 May,1.065558,1.954012,3.079755,6.098119,0.64127,0.111255,0.009835,0.034844,0.078707,0.425561,0.660202,7.414101
2017 June,1.217991,1.972903,3.056385,6.244705,0.700866,0.104323,0.009599,0.036368,0.068724,0.42391,0.642924,7.606174
2017 July,1.432549,2.212444,3.089753,6.733535,0.745875,0.090753,0.010077,0.034927,0.055001,0.430026,0.620785,8.117955
2017 August,1.355633,2.163081,3.129964,6.645209,0.757067,0.07518,0.010044,0.033775,0.047355,0.441341,0.607694,8.029542
2017 September,1.139638,1.982939,2.92902,6.049494,0.712236,0.065346,0.009762,0.031135,0.061115,0.407375,0.574734,7.351941
2017 October,1.050775,2.09809,3.067165,6.21178,0.690239,0.060386,0.009536,0.02827,0.083146,0.423274,0.604611,7.517694
2017 November,1.068561,2.436054,3.007509,6.509093,0.696756,0.067859,0.009671,0.02068,0.077162,0.422384,0.597756,7.814206
2017 December,1.216143,3.19065,3.091345,7.494688,0.770824,0.07591,0.010105,0.019531,0.075749,0.435655,0.616949,8.896297
2018 January,1.333689,3.456029,3.125916,7.911819,0.780456,0.085519,0.00997,0.020629,0.087343,0.430336,0.633797,9.340011
2018 February,0.963381,2.803588,2.710937,6.47658,0.67738,0.084967,0.009218,0.023444,0.079123,0.387492,0.584243,7.750214
2018 March,0.941137,2.892652,3.159162,6.990649,0.700826,0.088236,0.010057,0.031238,0.090294,0.430717,0.650542,8.35704
2018 April,0.862632,2.430476,2.961549,6.252246,0.618237,0.095929,0.009272,0.036408,0.090182,0.406662,0.638453,7.518855
2018 May,0.993204,2.124184,3.104108,6.219886,0.703833,0.103876,0.010111,0.040672,0.081728,0.438507,0.674893,7.612594
2018 June,1.160101,2.132796,3.089277,6.380783,0.728583,0.094163,0.009654,0.042877,0.084286,0.423319,0.654299,7.778265
2018 July,1.311145,2.430807,3.164602,6.904313,0.757528,0.08564,0.010066,0.041128,0.056116,0.439522,0.632471,8.309445
2018 August,1.309089,2.392477,3.276917,6.97706,0.755713,0.075122,0.010058,0.04018,0.067716,0.445325,0.6384,8.388239
2018 September,1.120034,2.228765,2.975237,6.322819,0.676697,0.065393,0.00975,0.035706,0.063189,0.407669,0.581707,7.592107
2018 October,1.017038,2.361914,3.187121,6.564261,0.620995,0.066698,0.009737,0.0307,0.072314,0.430227,0.609676,7.804603
2018 November,1.081731,2.807712,3.057472,6.943583,0.668643,0.074766,0.00976,0.023718,0.075118,0.420933,0.604296,8.225148
2018 December,1.158351,3.10144,3.079522,7.336542,0.749177,0.077784,0.010327,0.020809,0.082933,0.435308,0.627161,8.723711
2019 January,1.161355,3.550046,3.129623,7.838231,0.769584,0.08461,0.010136,0.022521,0.082917,0.420854,0.621038,9.240253
2019 February,0.949162,3.130155,2.75722,6.835727,0.675753,0.078068,0.009282,0.024236,0.077189,0.391372,0.580147,8.10232
2019 March,0.932727,3.034601,3.064924,7.031288,0.679562,0.089852,0.010247,0.035907,0.087936,0.422602,0.646544,8.365585
2019 April,0.719249,2.292548,3.000967,6.011698,0.632586,0.094922,0.009498,0.04061,0.098659,0.406927,0.650616,7.303042
2019 May,0.850009,2.211003,3.116378,6.175787,0.700904,0.109123,0.009971,0.043653,0.087959,0.431479,0.682185,7.569254
2019 June,0.931168,2.195729,3.064677,6.189718,0.718461,0.095801,0.009751,0.046713,0.076586,0.420658,0.649509,7.570075
2019 July,1.1537,2.480888,3.178685,6.811535,0.753898,0.084875,0.010086,0.04811,0.075408,0.43601,0.654488,8.232494
2019 August,1.086347,2.522268,3.254631,6.86216,0.750891,0.077038,0.010147,0.04643,0.068165,0.433218,0.634998,8.261971
2019 September,0.986078,2.285708,2.995025,6.26438,0.689836,0.06321,0.009885,0.040615,0.08364,0.404899,0.60225,7.568466
2019 October,0.800958,2.389642,3.165289,6.3538,0.647745,0.062459,0.009286,0.036129,0.094255,0.423495,0.625625,7.634663
2019 November,0.884908,2.884605,3.046309,6.814014,0.669598,0.068982,0.008575,0.026952,0.085929,0.418729,0.609167,8.105046
2019 December,0.859937,3.286505,3.092644,7.236205,0.763034,0.073284,0.009429,0.022865,0.090909,0.437616,0.634102,8.647115
2020 January,0.785254,3.447246,3.00862,7.239648,0.774776,0.083587,0.009294,0.027022,0.09595,0.410572,0.626424,8.651706
2020 February,0.693585,3.17266,2.844146,6.708676,0.688502,0.088262,0.009229,0.032367,0.099325,0.385445,0.614628,8.021467
2020 March,0.632553,2.823136,2.791433,6.245796,0.668515,0.081284,0.010378,0.039147,0.100039,0.379815,0.610663,7.537863
2020 April,0.515285,2.344319,2.123036,4.981285,0.61809,0.079139,0.00991,0.046509,0.101515,0.316296,0.553369,6.163813
2020 May,0.57363,2.150547,2.405885,5.129622,0.672074,0.102279,0.010026,0.054726,0.096824,0.355691,0.619547,6.433885
2020 June,0.766508,2.210323,2.555514,5.531893,0.702024,0.095534,0.009552,0.054737,0.103085,0.373775,0.636684,6.883919
2020 July,1.017936,2.556596,2.77113,6.345536,0.7248,0.091243,0.009921,0.058694,0.078019,0.386274,0.624152,7.713005
2020 August,1.032535,2.490222,2.815347,6.337491,0.720588,0.079443,0.009893,0.053222,0.078576,0.386344,0.607478,7.685628
2020 September,0.805602,2.233831,2.697219,5.736059,0.686588,0.063732,0.0096,0.045385,0.079111,0.37559,0.573417,7.008825
2020 October,0.72018,2.403353,2.810304,5.932484,0.6201,0.064181,0.009772,0.041076,0.098343,0.378987,0.592359,7.158197
2020 November,0.72945,2.534074,2.709572,5.970901,0.645145,0.071286,0.009978,0.033394,0.113038,0.38427,0.611965,7.239657
2020 December,0.908591,3.303082,2.79897,7.009344,0.729872,0.073385,0.010165,0.030081,0.10922,0.401959,0.62481,8.378775
2021 January,0.947408,3.452923,2.812847,7.210077,0.748098,0.083799,0.009988,0.032565,0.102566,0.378849,0.607767,8.580086
2021 February,0.995947,3.205492,2.414697,6.613514,0.656549,0.068706,0.009263,0.036132,0.091153,0.342047,0.547301,7.827351
2021 March,0.740972,2.732031,2.885792,6.358639,0.664413,0.072404,0.00963,0.052279,0.133768,0.399436,0.667518,7.703626
2021 April,0.650175,2.350061,2.880069,5.876166,0.595413,0.066155,0.009613,0.059958,0.12337,0.383545,0.642641,7.125563
2021 May,0.759357,2.188936,3.009984,5.954598,0.661137,0.07953,0.009947,0.067536,0.11528,0.410683,0.682976,7.311318
2021 June,0.997281,2.319404,3.009374,6.320079,0.689048,0.080025,0.009577,0.066868,0.091003,0.398479,0.645953,7.670235
2021 July,1.16029,2.501219,3.0402,6.698793,0.717845,0.075397,0.010002,0.067272,0.074093,0.413036,0.6398,8.071498
2021 August,1.157998,2.520569,3.110842,6.784358,0.724517,0.06936,0.009955,0.065179,0.092367,0.406885,0.643746,8.164124
2021 September,0.92712,2.211635,2.949657,6.082624,0.672879,0.05808,0.009802,0.059869,0.098941,0.38487,0.611562,7.376417
2021 October,0.762323,2.336948,3.062936,6.158663,0.609065,0.058458,0.009893,0.050515,0.109918,0.413356,0.64214,7.419597
2021 November,0.707968,2.778471,2.990782,6.472315,0.654413,0.066102,0.009879,0.042711,0.121983,0.40339,0.644064,7.774755
2021 December,0.741686,3.113428,3.075539,6.923779,0.737537,0.080393,0.010458,0.035468,0.135965,0.418194,0.680478,8.350028
2022 January,1.007579,3.704839,2.915206,7.622756,0.737387,0.082562,0.010409,0.04285,0.127664,0.414189,0.677676,9.048047
2022 February,0.838049,3.156692,2.726249,6.718636,0.646232,0.072746,0.009112,0.048591,0.128443,0.379454,0.638346,8.009426
2022 March,0.733033,2.875578,3.062565,6.666424,0.65983,0.083377,0.009782,0.064415,0.14682,0.422742,0.727136,8.060201
2022 April,0.662737,2.436894,2.85786,5.952266,0.577665,0.068465,0.009594,0.072873,0.157522,0.403339,0.711792,7.25024
2022 May,0.745014,2.314476,2.982359,6.032301,0.662211,0.0797,0.009921,0.08144,0.143726,0.422525,0.737312,7.441264
2022 June,0.869615,2.394304,2.966717,6.227109,0.686595,0.08867,0.009574,0.084588,0.115215,0.424238,0.722286,7.650949
2022 July,1.017677,2.676366,2.985721,6.675256,0.719417,0.083824,0.00997,0.084608,0.100569,0.425281,0.704252,8.117569
2022 August,0.996647,2.652599,3.063955,6.708842,0.719835,0.072106,0.010013,0.079133,0.084339,0.43129,0.676881,8.125733
2022 September,0.78335,2.369705,2.943102,6.091475,0.665884,0.058093,0.009755,0.071872,0.093254,0.396856,0.62983,7.400283
2022 October,0.67339,2.440873,2.999428,6.109814,0.615861,0.049022,0.009824,0.064785,0.111725,0.423192,0.658547,7.394077
2022 November,0.690228,2.862233,2.931067,6.480746,0.648207,0.061068,0.009985,0.047985,0.14057,0.416805,0.676414,7.81433
2022 December,0.87062,3.494068,2.884344,7.243687,0.721896,0.069706,0.01045,0.040827,0.131975,0.419772,0.672728,8.65203
2023 January,0.749991,3.428944,2.868308,7.044029,0.740734,0.077637,0.010238,0.045237,0.130877,0.417758,0.681748,8.477721
2023 February,0.582093,3.057454,2.677937,6.315326,0.635553,0.068107,0.009312,0.052652,0.14134,0.375904,0.647315,7.604828
2023 March,0.620012,3.12949,3.005884,6.753358,0.656599,0.072783,0.010313,0.069677,0.148708,0.423717,0.725197,8.143896
2023 April,0.500012,2.499875,2.87775,5.876126,0.592236,0.067625,0.009844,0.082835,0.145848,0.394872,0.701024,7.175912
2023 May,0.550403,2.386131,3.013819,5.947541,0.639194,0.094346,0.009983,0.094145,0.109959,0.433661,0.742095,7.337784
2023 June,0.704646,2.444008,2.991353,6.137653,0.67749,0.073604,0.009632,0.095388,0.09399,0.421039,0.693654,7.514561
2023 July,0.912435,2.760708,2.975004,6.644902,0.730465,0.074988,0.009815,0.100475,0.095552,0.422797,0.703627,8.083195
2023 August,0.902649,2.772063,3.107767,6.779919,0.728965,0.072652,0.009716,0.09554,0.096881,0.435721,0.71051,8.224116
2023 September,0.71624,2.464818,2.910715,6.087872,0.68523,0.057716,0.009705,0.08397,0.096742,0.413017,0.66115,7.434546
2023 October,0.627492,2.523105,3.066815,6.215732,0.642125,0.053475,0.010238,0.076517,0.1229,0.426875,0.690004,7.548561
2023 November,0.629086,2.920134,2.978286,6.525312,0.650717,0.058092,0.010131,0.058674,0.124352,0.415692,0.666941,7.845154
2023 December,0.675729,3.289179,2.974597,6.934726,0.719666,0.064922,0.010418,0.052052,0.129787,0.439831,0.697009,8.355969
2024 January,0.878947,3.859478,2.914104,7.651794,0.7214,0.073542,0.010152,0.054539,0.118706,0.411373,0.668312,9.047432
2024 February,0.562196,3.068729,2.733942,6.36331,0.674449,0.070954,0.009476,0.067477,0.139829,0.40978,0.697516,7.735822
2024 March,0.493797,2.895998,2.943843,6.329555,0.66152,0.079713,0.010017,0.08753,0.153888,0.426561,0.757709,7.747595
2024 April,0.467428,2.480405,2.888119,5.83151,0.60091,0.071365,0.009571,0.101849,0.160666,0.408111,0.751561,7.182402
2024 May,0.563198,2.41684,3.089182,6.066764,0.678513,0.083516,0.009631,0.115796,0.13394,0.433482,0.776365,7.521796
2024 June,0.721403,2.512682,2.942073,6.171325,0.712131,0.076417,0.009306,0.122983,0.131913,0.422477,0.763095,7.651401
2024 July,0.837906,2.839467,3.061867,6.737671,0.729451,0.072962,0.009533,0.124111,0.096575,0.445709,0.748889,8.224496
2024 August,0.81781,2.816359,3.110666,6.740771,0.728507,0.069914,0.009566,0.12189,0.099936,0.437151,0.738456,8.215091
2024 September,0.663993,2.497721,2.895897,6.054337,0.654363,0.054289,0.009304,0.104789,0.099557,0.418284,0.686223,7.402096
2024 October,0.588915,2.51252,3.126592,6.22414,0.61377,0.052382,0.009681,0.098786,0.135086,0.428024,0.72396,7.568321
2024 November,0.569902,2.80154,2.884592,6.253416,0.646464,0.05706,0.0097,0.072151,0.136934,0.42505,0.700896,7.602629
2024 December,0.746718,3.477607,2.99905,7.219669,0.743543,0.066647,0.010132,0.066032,0.134867,0.435253,0.712931,8.683262
2025 January,0.940342,4.051446,3.05656,8.047221,0.74917,0.073123,0.010133,0.077571,0.148763,0.406214,0.715805,9.521888
2025 February,0.732872,3.339495,2.681689,6.752736,0.645675,0.066682,0.009142,0.082842,0.134249,0.376664,0.669579,8.074429
2025 March,0.597145,2.841123,2.950043,6.387124,0.652235,0.076601,0.010128,0.115934,0.172618,0.409911,0.785192,7.827319
2025 April,0.548774,2.454906,2.903542,5.905028,0.604572,0.077927,0.009676,0.131688,0.156528,0.393108,0.768928,7.28422
2025 May,0.589601,2.38428,3.024089,5.99521,0.648978,0.083102,0.009669,0.144327,0.125811,0.40101,0.763919,7.416071
2025 June,0.755408,2.496844,3.033222,6.282793,0.691559,0.075607,0.009578,0.152678,0.122069,0.397461,0.757394,7.737912
2025 July,0.920771,2.813596,3.122508,6.854364,0.739169,0.068179,0.009778,0.159416,0.108536,0.416247,0.762156,8.358687
2025 August,0.816761,2.729961,3.132792,6.677893,0.738374,0.068574,0.009995,0.151429,0.093171,0.413234,0.736404,8.156426
2025 September,0.69513,2.506305,2.976405,6.177139,0.683576,0.052152,0.009599,0.133682,0.087595,0.399938,0.682966,7.548107
2025 October,0.651987,2.524399,3.082117,6.258257,0.618458,0.05645,0.009716,0.118887,0.134889,0.415959,0.735902,7.610624
2025 November,0.650966,2.874491,2.882367,6.408631,0.666361,0.06283,0.009529,0.090997,0.139745,0.399761,0.702863,7.774312
2025 December,0.770913,3.614265,3.05339,7.437418,0.757338,0.081615,0.010018,0.078156,0.160527,0.423117,0.753432,8.945988
2026 January,0.820106,3.915633,3.039611,7.774749,0.764959,0.095227,0.010228,0.08827,0.151608,0.389589,0.734921,9.272277
2026 February,0.653217,3.215967,2.818201,6.685416,0.651478,0.07664,0.009182,0.101377,0.135481,0.367751,0.690431,8.028687
2026 March,0.539383,2.870768,3.002061,6.410207,0.648467,0.091856,0.009944,0.138728,0.178172,0.412287,0.830986,7.889668
2026 April,0.480768,2.466783,2.974163,5.919587,0.599146,0.07675,0.009395,0.149746,0.167652,0.386417,0.78996,7.306973
2026 May,0.542237,2.429384,2.944678,5.91603,0.678804,0.077581,0.009751,0.171657,0.140428,0.420303,0.81972,7.414832
